-- MySQL Administrator dump 1.4
--
-- ------------------------------------------------------
-- Server version	5.7.9


/*!40101 SET @OLD_CHARACTER_SET_CLIENT=@@CHARACTER_SET_CLIENT */;
/*!40101 SET @OLD_CHARACTER_SET_RESULTS=@@CHARACTER_SET_RESULTS */;
/*!40101 SET @OLD_COLLATION_CONNECTION=@@COLLATION_CONNECTION */;
/*!40101 SET NAMES utf8 */;

/*!40014 SET @OLD_UNIQUE_CHECKS=@@UNIQUE_CHECKS, UNIQUE_CHECKS=0 */;
/*!40014 SET @OLD_FOREIGN_KEY_CHECKS=@@FOREIGN_KEY_CHECKS, FOREIGN_KEY_CHECKS=0 */;
/*!40101 SET @OLD_SQL_MODE=@@SQL_MODE, SQL_MODE='NO_AUTO_VALUE_ON_ZERO' */;


--
-- Create schema ddd
--

CREATE DATABASE IF NOT EXISTS ddd;
USE ddd;

--
-- Definition of table `acesso`
--

DROP TABLE IF EXISTS `acesso`;
CREATE TABLE `acesso` (
  `idacesso` int(11) NOT NULL,
  `idtransacao` int(11) DEFAULT NULL,
  `idgrupo` int(11) DEFAULT NULL,
  `direito` int(11) DEFAULT NULL,
  PRIMARY KEY (`idacesso`),
  KEY `fk_acesso_grupo` (`idgrupo`),
  KEY `fk_acesso_transacao` (`idtransacao`)
) ENGINE=MyISAM DEFAULT CHARSET=latin1;

--
-- Dumping data for table `acesso`
--

/*!40000 ALTER TABLE `acesso` DISABLE KEYS */;
/*!40000 ALTER TABLE `acesso` ENABLE KEYS */;


--
-- Definition of table `aluno`
--

DROP TABLE IF EXISTS `aluno`;
CREATE TABLE `aluno` (
  `idaluno` int(11) NOT NULL,
  `matricula` varchar(255) DEFAULT NULL,
  `idpessoa` int(11) NOT NULL,
  PRIMARY KEY (`idaluno`),
  KEY `fk_pessoa_aluno` (`idpessoa`)
) ENGINE=MyISAM DEFAULT CHARSET=latin1;

--
-- Dumping data for table `aluno`
--

/*!40000 ALTER TABLE `aluno` DISABLE KEYS */;
INSERT INTO `aluno` (`idaluno`,`matricula`,`idpessoa`) VALUES 
 (1,'34678',2),
 (2,'67326',3);
/*!40000 ALTER TABLE `aluno` ENABLE KEYS */;


--
-- Definition of table `funcionario`
--

DROP TABLE IF EXISTS `funcionario`;
CREATE TABLE `funcionario` (
  `idfuncionario` int(11) NOT NULL,
  `salario` decimal(15,2) DEFAULT NULL,
  `idpessoa` int(11) NOT NULL,
  PRIMARY KEY (`idfuncionario`),
  KEY `fk_pessoa_funcionario` (`idpessoa`)
) ENGINE=MyISAM DEFAULT CHARSET=latin1;

--
-- Dumping data for table `funcionario`
--

/*!40000 ALTER TABLE `funcionario` DISABLE KEYS */;
INSERT INTO `funcionario` (`idfuncionario`,`salario`,`idpessoa`) VALUES 
 (1,'7568.12',4);
/*!40000 ALTER TABLE `funcionario` ENABLE KEYS */;


--
-- Definition of table `grupo`
--

DROP TABLE IF EXISTS `grupo`;
CREATE TABLE `grupo` (
  `idgrupo` int(11) NOT NULL,
  `grupo` varchar(255) DEFAULT NULL,
  PRIMARY KEY (`idgrupo`)
) ENGINE=MyISAM DEFAULT CHARSET=latin1;

--
-- Dumping data for table `grupo`
--

/*!40000 ALTER TABLE `grupo` DISABLE KEYS */;
INSERT INTO `grupo` (`idgrupo`,`grupo`) VALUES 
 (1,'Grupo Geral'),
 (2,'Super Grupo');
/*!40000 ALTER TABLE `grupo` ENABLE KEYS */;


--
-- Definition of table `log`
--

DROP TABLE IF EXISTS `log`;
CREATE TABLE `log` (
  `idlog` int(11) NOT NULL,
  `idusuario` int(11) DEFAULT NULL,
  `timestamp` timestamp NULL DEFAULT NULL,
  `descricao` varchar(255) DEFAULT NULL,
  `operacao` varchar(255) DEFAULT NULL,
  `idmodel` int(11) DEFAULT NULL,
  PRIMARY KEY (`idlog`),
  KEY `fk_log_usuario` (`idusuario`)
) ENGINE=MyISAM DEFAULT CHARSET=latin1;

--
-- Dumping data for table `log`
--

/*!40000 ALTER TABLE `log` DISABLE KEYS */;
/*!40000 ALTER TABLE `log` ENABLE KEYS */;


--
-- Definition of table `manager_sequence`
--

DROP TABLE IF EXISTS `manager_sequence`;
CREATE TABLE `manager_sequence` (
  `sequence` varchar(255) DEFAULT NULL,
  `value` int(11) DEFAULT NULL
) ENGINE=MyISAM DEFAULT CHARSET=latin1;

--
-- Dumping data for table `manager_sequence`
--

/*!40000 ALTER TABLE `manager_sequence` DISABLE KEYS */;
INSERT INTO `manager_sequence` (`sequence`,`value`) VALUES 
 ('seq_aluno',3),
 ('seq_funcionario',2),
 ('seq_grupo',3),
 ('seq_pessoa',5),
 ('seq_setor',5),
 ('seq_usuario',3),
 ('seq_acesso',1),
 ('seq_log',1),
 ('seq_transacao',1);
/*!40000 ALTER TABLE `manager_sequence` ENABLE KEYS */;


--
-- Definition of table `pessoa`
--

DROP TABLE IF EXISTS `pessoa`;
CREATE TABLE `pessoa` (
  `idpessoa` int(11) NOT NULL,
  `nome` varchar(255) DEFAULT NULL,
  `cpf` varchar(255) DEFAULT NULL,
  `datanascimento` date DEFAULT NULL,
  `foto` blob,
  `email` varchar(255) DEFAULT NULL,
  PRIMARY KEY (`idpessoa`)
) ENGINE=MyISAM DEFAULT CHARSET=latin1;

--
-- Dumping data for table `pessoa`
--

/*!40000 ALTER TABLE `pessoa` DISABLE KEYS */;
INSERT INTO `pessoa` (`idpessoa`,`nome`,`cpf`,`datanascimento`,`foto`,`email`) VALUES 
 (1,'Lars Saunders','660.657.700-27','2015-02-22',0x6D61676E612E2050686173656C6C757320646F6C6F7220656C69742C2070656C6C656E74657371756520612C20666163696C69736973206E6F6E2C20626962656E64756D207365642C,'neque.tellus.imperdiet@pretiumet.com'),
 (2,'Emerson Browning','659.257.855-36','2014-07-22',0x76656C69742E20416C697175616D206E69736C2E204E756C6C61206575206E657175652070656C6C656E746573717565206D61737361206C6F626F7274697320756C7472696365732E,'sit.amet.metus@turpisvitaepurus.org'),
 (3,'Sopoline Pena','685.917.189-72','2015-05-24',0x53757370656E646973736520636F6D6D6F646F2074696E636964756E74206E6962682E2050686173656C6C7573206E756C6C612E20496E74656765722076756C7075746174652C2072697375732061,'amet@necmaurisblandit.edu'),
 (4,'Rylee Calderon','710.499.230-77','2015-07-30',0x43756D20736F63696973206E61746F7175652070656E617469627573206574206D61676E6973206469732070617274757269656E74206D6F6E7465732C206E61736365747572,'Sed.id@felisadipiscingfringilla.edu'),
 (5,'Yetta Gould','260.864.282-36','2014-10-02',0x6461706962757320677261766964612E20416C697175616D2074696E636964756E742C206E756E63206163206D6174746973206F726E6172652C206C656374757320616E7465,'consequat@magna.com'),
 (6,'Lysandra Baird','197.762.986-70','2014-09-04',0x677261766964612E205072616573656E74206575206E756C6C612061742073656D206D6F6C657374696520736F64616C65732E204D617572697320626C616E646974,'sem@Inat.org'),
 (7,'Chaney Brennan','938.276.758-75','2015-03-18',0x566976616D7573206D6F6C65737469652064617069627573206C6967756C612E20416C697175616D206572617420766F6C75747061742E204E756C6C61206469676E697373696D2E204D616563656E6173,'sit.amet.consectetuer@tellus.com'),
 (8,'Florence Glass','678.823.236-81','2015-01-16',0x73656E6563747573206574206E65747573206574206D616C6573756164612066616D65732061632074757270697320656765737461732E20416C697175616D,'Nullam.enim@gravida.org'),
 (9,'Mallory Bridges','721.709.504-76','2015-07-08',0x6E656320616E74652E204D616563656E6173206D692066656C69732C2061646970697363696E67206672696E67696C6C612C20706F72747469746F722076756C7075746174652C20706F7375657265,'Proin@In.edu'),
 (10,'Maxine Lowery','152.461.423-89','2014-09-23',0x6C6967756C612E20416C697175616D206572617420766F6C75747061742E204E756C6C61206469676E697373696D2E204D616563656E6173206F726E6172652065676573746173206C6967756C612E,'velit.Sed@antedictum.co.uk'),
 (11,'Ulysses Sexton','275.162.188-19','2014-06-03',0x6574206D61676E6973206469732070617274757269656E74206D6F6E7465732C206E61736365747572207269646963756C7573206D75732E2050726F696E2076656C,'Nulla.tempor.augue@dis.co.uk'),
 (12,'Wesley Good','174.342.437-72','2015-10-01',0x636F6E64696D656E74756D20656765742C20766F6C7574706174206F726E6172652C20666163696C6973697320656765742C20697073756D2E20446F6E656320736F6C6C696369747564696E2061646970697363696E67,'tempus@necligula.edu'),
 (13,'Oren Collins','266.193.476-58','2015-08-19',0x61632C2066657567696174206E6F6E2C206C6F626F7274697320717569732C20706564652E2053757370656E6469737365206475692E204675736365206469616D,'lobortis.mauris.Suspendisse@loremipsum.com'),
 (14,'Barclay Soto','523.243.944-95','2014-08-10',0x746F72746F72206E6962682073697420616D6574206F7263692E205574207361676974746973206C6F626F72746973206D61757269732E2053757370656E6469737365,'a@luctus.co.uk'),
 (15,'Ifeoma Lee','472.577.257-82','2015-06-23',0x4375726162697475722065676573746173206E756E6320736564206C696265726F2E2050726F696E2073656420747572706973206E6563206D6175726973,'urna.et.arcu@duiFuscediam.edu'),
 (16,'Amela Joyner','976.833.833-48','2015-07-01',0x4E756E6320756C6C616D636F727065722C2076656C697420696E20616C6971756574206C6F626F727469732C206E697369206E696268206C6163696E6961206F7263692C,'vel.mauris@Loremipsumdolor.com'),
 (17,'Kaye Mcknight','672.204.198-69','2015-04-25',0x617263752E204D6F7262692073697420616D6574206D617373612E205175697371756520706F72747469746F722065726F73206E65632074656C6C75732E,'quis.pede.Praesent@Nuncquisarcu.com'),
 (18,'Piper Pate','422.998.770-87','2014-06-08',0x6F64696F2073656D706572206375727375732E20496E7465676572206D6F6C6C69732E20496E74656765722074696E636964756E7420616C697175616D20617263752E20416C697175616D,'neque.non.quam@etrutrumeu.net'),
 (19,'Hillary Thomas','642.630.965-87','2015-05-28',0x6E6F6E2C20766573746962756C756D206E65632C20657569736D6F6420696E2C20646F6C6F722E20467573636520666575676961742E204C6F72656D20697073756D,'arcu@nonummyut.org'),
 (20,'Belle Franks','416.518.533-11','2014-10-19',0x6C696265726F206D61757269732C20616C697175616D2065752C20616363756D73616E207365642C20666163696C697369732076697461652C206F7263692E2050686173656C6C7573,'Phasellus.fermentum.convallis@Donecdignissim.edu'),
 (21,'Lamar Jacobs','161.744.559-23','2015-07-02',0x66656C69732E20446F6E65632074656D706F722C20657374206163206D61747469732073656D7065722C20647569206C65637475732072757472756D,'nec@mattisInteger.com'),
 (22,'Steven Mccall','737.947.790-65','2015-05-17',0x666575676961742E204C6F72656D20697073756D20646F6C6F722073697420616D65742C20636F6E7365637465747565722061646970697363696E6720656C69742E20416C697175616D,'ipsum.nunc@malesuadafringillaest.edu'),
 (23,'Inga Walls','784.323.534-34','2013-12-31',0x6F726E61726520746F72746F722061742072697375732E204E756E632061632073656D20757420646F6C6F722064617069627573,'sem.ut.cursus@orciDonec.ca'),
 (24,'Destiny Melton','273.286.429-49','2014-12-17',0x646170696275732069642C20626C616E6469742061742C206E6973692E2043756D20736F63696973206E61746F7175652070656E617469627573206574,'lobortis.nisi@liberoMorbiaccumsan.org'),
 (25,'Damon Estrada','511.922.669-96','2015-02-03',0x467573636520616C697175616D2C20656E696D206E65632074656D707573207363656C657269737175652C206C6F72656D20697073756D20736F64616C65732070757275732C,'Nullam.ut.nisi@semutdolor.co.uk'),
 (26,'Raya Townsend','580.980.116-29','2014-09-14',0x626C616E64697420766976657272612E20446F6E65632074656D7075732C206C6F72656D206672696E67696C6C61206F726E61726520706C6163657261742C206F726369206C61637573,'elementum.at.egestas@a.co.uk'),
 (27,'Phyllis Cherry','898.543.742-11','2014-11-05',0x616D657420616E74652E20566976616D7573206E6F6E206C6F72656D207669746165206F64696F2073616769747469732073656D7065722E204E616D,'lacus.Quisque.imperdiet@nostra.co.uk'),
 (28,'Echo Barrera','547.138.519-72','2014-01-23',0x6C65637475732072757472756D2075726E612C206E6563206C75637475732066656C69732070757275732061632074656C6C75732E2053757370656E6469737365,'Donec.porttitor.tellus@gravidamaurisut.com'),
 (29,'Plato Pratt','834.740.530-22','2014-06-29',0x636F6D6D6F646F20617563746F722076656C69742E20416C697175616D206E69736C2E204E756C6C61206575206E657175652070656C6C656E746573717565206D61737361,'gravida.nunc.sed@Phasellusdolorelit.ca'),
 (30,'Xavier Cooke','840.207.525-68','2014-01-05',0x656C656D656E74756D2C20647569207175697320616363756D73616E20636F6E76616C6C69732C20616E7465206C656374757320636F6E76616C6C6973206573742C207669746165,'dictum@velnislQuisque.net'),
 (31,'Jennifer Malone','984.402.700-18','2015-05-29',0x656765737461732068656E647265726974206E657175652E20496E206F726E6172652073616769747469732066656C69732E20446F6E65632074656D706F722C20657374,'Nullam@aliquetvelvulputate.ca'),
 (32,'Hu Knox','349.963.803-82','2014-05-10',0x657569736D6F64206D617572697320657520656C69742E204E756C6C6120666163696C6973692E20536564206E657175652E205365642065676574,'pede@vitaealiquet.edu'),
 (33,'Ralph Kinney','239.196.141-67','2014-10-27',0x70686172657472612075742C207068617265747261207365642C2068656E64726572697420612C20617263752E20536564206574206C696265726F2E,'egestas@Phasellusdolor.org'),
 (34,'Priscilla Alexander','628.406.240-93','2014-07-30',0x65676574206F64696F2E20416C697175616D2076756C70757461746520756C6C616D636F72706572206D61676E612E205365642065752065726F732E204E616D,'elit.elit.fermentum@iaculisenim.co.uk'),
 (35,'Signe Quinn','154.788.408-57','2014-01-15',0x566573746962756C756D20616E746520697073756D207072696D697320696E206661756369627573206F726369206C756374757320657420756C747269636573,'erat@Seddictum.net'),
 (36,'Audrey Dillon','567.981.393-78','2014-10-21',0x706C6163657261742C206F726369206C6163757320766573746962756C756D206C6F72656D2C2073697420616D657420756C747269636965732073656D206D61676E61,'a@sociisnatoque.ca'),
 (37,'Quentin Benjamin','506.180.390-54','2015-01-30',0x6D6175726973207574206D692E2044756973207269737573206F64696F2C20617563746F722076697461652C20616C6971756574206E65632C,'ac.fermentum@indolorFusce.co.uk'),
 (38,'Kyra Moon','833.689.150-15','2013-12-31',0x51756973717565206C696265726F206C616375732C207661726975732065742C20657569736D6F642065742C20636F6D6D6F646F2061742C206C696265726F2E,'luctus@sedorcilobortis.com'),
 (39,'Lillian Estrada','185.814.755-37','2014-10-22',0x6E6563206F7263692E20446F6E6563206E6962682E2051756973717565206E6F6E756D6D7920697073756D206E6F6E20617263752E20566976616D7573,'Nulla.semper.tellus@egetvolutpat.org'),
 (40,'Sonia Lane','313.194.177-60','2013-11-27',0x41656E65616E2065676574206D61676E612E2053757370656E646973736520747269737469717565206E657175652076656E656E61746973206C616375732E20457469616D20626962656E64756D,'est.mollis@rhoncusidmollis.org'),
 (41,'Miriam Rush','745.691.390-72','2014-08-01',0x6F7263692C2061646970697363696E67206E6F6E2C206C75637475732073697420616D65742C2066617563696275732075742C206E756C6C612E2043726173,'mi.lacinia.mattis@magnisdis.com'),
 (42,'James Good','565.166.253-13','2015-05-09',0x6E69736C2073656D2C20636F6E736571756174206E65632C206D6F6C6C69732076697461652C20706F73756572652061742C2076656C69742E2043726173,'libero.mauris.aliquam@musProin.net'),
 (43,'Colt Glenn','188.478.851-47','2014-08-01',0x617567756520696420616E74652064696374756D206375727375732E204E756E63206D617572697320656C69742C2064696374756D2065752C,'lorem.auctor@miacmattis.ca'),
 (44,'Jaime Best','476.380.156-28','2015-06-28',0x4D616563656E6173206F726E6172652065676573746173206C6967756C612E204E756C6C616D206665756769617420706C6163657261742076656C69742E2051756973717565207661726975732E,'consequat.dolor@dapibusligulaAliquam.net'),
 (45,'Xavier Hardin','957.842.139-31','2015-05-07',0x6D657475732E20416C697175616D206572617420766F6C75747061742E204E756C6C6120666163696C697369732E2053757370656E646973736520636F6D6D6F646F2074696E636964756E74206E6962682E,'Nulla.facilisis@nisidictum.ca'),
 (46,'Flavia Bright','714.615.552-85','2015-10-17',0x6E65632C206D6F6C6C69732076697461652C20706F73756572652061742C2076656C69742E2043726173206C6F72656D206C6F72656D2C206C7563747573,'Nunc@Donecnibhenim.org'),
 (47,'Yael Fulton','163.671.698-89','2015-09-27',0x766974616520657261742076656C207065646520626C616E64697420636F6E6775652E20496E207363656C65726973717565207363656C65726973717565206475692E,'purus.sapien@convallisligulaDonec.ca'),
 (48,'Anne Peck','167.648.329-72','2015-01-06',0x6D61676E6973206469732070617274757269656E74206D6F6E7465732C206E61736365747572207269646963756C7573206D75732E2041656E65616E2065676574206D61676E612E,'non@orciquislectus.co.uk'),
 (49,'Kirby Nicholson','251.631.528-20','2013-11-14',0x677261766964612E205072616573656E74206575206E756C6C612061742073656D206D6F6C657374696520736F64616C65732E204D617572697320626C616E646974,'in.sodales.elit@euenimEtiam.net'),
 (50,'Allen Nicholson','390.258.155-55','2015-08-12',0x68656E64726572697420612C20617263752E20536564206574206C696265726F2E2050726F696E206D692E20416C697175616D2067726176696461,'diam.nunc@vulputatenisi.net'),
 (51,'Xenos Contreras','111.502.295-71','2014-02-06',0x73697420616D6574206F7263692E205574207361676974746973206C6F626F72746973206D61757269732E2053757370656E646973736520616C6971756574206D6F6C6573746965,'Nulla.facilisi.Sed@duiaugue.org'),
 (52,'Eaton Reilly','274.112.697-12','2015-08-30',0x666163696C697369732076697461652C206F7263692E2050686173656C6C75732064617069627573207175616D2071756973206469616D2E2050656C6C656E746573717565206861626974616E74,'eget@idblanditat.net'),
 (53,'Winifred Mcclure','407.949.666-41','2015-06-27',0x566976616D7573206E69626820646F6C6F722C206E6F6E756D6D792061632C2066657567696174206E6F6E2C206C6F626F7274697320717569732C20706564652E,'nec@estNuncullamcorper.edu'),
 (54,'Glenna Gamble','484.874.842-99','2014-09-17',0x536564206574206C696265726F2E2050726F696E206D692E20416C697175616D2067726176696461206D6175726973207574206D692E,'ut.cursus.luctus@et.edu'),
 (55,'Ryan Browning','919.861.531-85','2015-01-06',0x4E756C6C616D2073757363697069742C2065737420616320666163696C6973697320666163696C697369732C206D61676E612074656C6C7573206661756369627573206C656F2C,'nec@tristiquesenectuset.com'),
 (56,'Kirsten Singleton','798.547.370-27','2015-09-26',0x6469616D20657520646F6C6F7220656765737461732072686F6E6375732E2050726F696E206E69736C2073656D2C20636F6E736571756174206E65632C,'vitae@sit.edu'),
 (57,'Jolie Watts','535.905.555-92','2015-07-10',0x6D6574757320666163696C69736973206C6F72656D2074726973746971756520616C69717565742E2050686173656C6C7573206665726D656E74756D20636F6E76616C6C6973206C6967756C612E20446F6E6563,'Mauris@orciUt.edu'),
 (58,'Erin Decker','994.685.835-41','2014-11-17',0x6665726D656E74756D2072697375732C206174206672696E67696C6C61207075727573206D61757269732061206E756E632E20496E206174,'molestie.pharetra.nibh@magnamalesuadavel.net'),
 (59,'Cooper Wallace','811.859.516-40','2014-10-16',0x43726173207665686963756C6120616C6971756574206C696265726F2E20496E746567657220696E206D61676E612E2050686173656C6C757320646F6C6F7220656C69742C,'ac@ultricesVivamusrhoncus.ca'),
 (60,'Carolyn Stuart','849.177.237-29','2014-11-24',0x6D617373612E20496E7465676572207669746165206E6962682E20446F6E656320657374206D61757269732C2072686F6E6375732069642C206D6F6C6C6973,'consectetuer.euismod.est@risusodioauctor.com'),
 (61,'Jasper Rosales','636.500.193-84','2015-07-01',0x7669746165206F64696F2073616769747469732073656D7065722E204E616D2074656D706F72206469616D2064696374756D2073617069656E2E2041656E65616E,'nec.diam@auctorMauris.org'),
 (62,'Aladdin Barrett','142.578.133-58','2015-09-28',0x7175616D20612066656C697320756C6C616D636F7270657220766976657272612E204D616563656E617320696163756C697320616C6971756574206469616D2E20536564,'velit.Sed.malesuada@Nunclaoreet.org'),
 (63,'Chaim Mathis','675.495.252-25','2015-08-01',0x6D692E20416C697175616D2067726176696461206D6175726973207574206D692E2044756973207269737573206F64696F2C20617563746F72,'purus@neccursus.co.uk'),
 (64,'Jemima Glenn','429.779.300-17','2014-11-29',0x646F6C6F722073697420616D65742C20636F6E7365637465747565722061646970697363696E6720656C69742E20416C697175616D20617563746F722C2076656C69742065676574,'vitae.mauris@rhoncus.org'),
 (65,'Tashya Yang','708.623.470-18','2014-10-30',0x636F6E7365637465747565722072686F6E6375732E204E756C6C616D2076656C6974206475692C2073656D7065722065742C206C6163696E69612076697461652C20736F64616C6573,'justo@nunc.com'),
 (66,'Hillary Davidson','597.555.515-61','2014-07-07',0x706564652E20437261732076756C7075746174652076656C69742065752073656D2E2050656C6C656E74657371756520757420697073756D206163,'Mauris.vestibulum.neque@nibhsit.edu'),
 (67,'Lucian Lindsay','512.660.626-41','2015-11-05',0x656C656966656E642E204372617320736564206C656F2E2043726173207665686963756C6120616C6971756574206C696265726F2E20496E746567657220696E,'a@malesuadaiderat.co.uk'),
 (68,'Bell Noel','425.575.556-79','2015-09-29',0x66656C6973206F7263692C2061646970697363696E67206E6F6E2C206C75637475732073697420616D65742C2066617563696275732075742C206E756C6C612E,'hendrerit@Inmi.com'),
 (69,'Zenia Norton','753.384.498-72','2015-05-29',0x7269737573206F64696F2C20617563746F722076697461652C20616C6971756574206E65632C20696D70657264696574206E65632C206C656F2E204D6F726269,'mauris@feugiatplaceratvelit.co.uk'),
 (70,'Acton Byers','579.616.202-50','2014-01-04',0x616D65742C20636F6E7365637465747565722061646970697363696E6720656C69742E20416C697175616D20617563746F722C2076656C69742065676574206C616F7265657420706F73756572652C,'erat@magnaa.co.uk'),
 (71,'Jakeem Gill','320.463.751-88','2013-12-30',0x75726E612E2055742074696E636964756E74207665686963756C612072697375732E204E756C6C612065676574206D657475732065752065726174,'metus.urna@pharetraQuisqueac.net'),
 (72,'Harper Rosales','838.455.118-39','2015-06-03',0x566976616D75732073697420616D65742072697375732E20446F6E656320656765737461732E20416C697175616D206E656320656E696D2E204E756E63,'non.massa.non@at.com'),
 (73,'Sopoline Powell','770.674.275-67','2014-12-03',0x7472697374697175652073656E6563747573206574206E65747573206574206D616C6573756164612066616D65732061632074757270697320656765737461732E,'elementum.dui@magnaSuspendisse.com'),
 (74,'Lilah Snyder','978.759.972-25','2015-07-02',0x73656D7065722E204E616D2074656D706F72206469616D2064696374756D2073617069656E2E2041656E65616E206D617373612E20496E7465676572207669746165,'dapibus.id@faucibusutnulla.org'),
 (75,'Kimberly Pollard','990.794.626-76','2014-04-21',0x7661726975732065742C20657569736D6F642065742C20636F6D6D6F646F2061742C206C696265726F2E204D6F72626920616363756D73616E206C616F72656574,'penatibus.et.magnis@pellentesqueeget.com'),
 (76,'Tanner Burgess','778.418.764-74','2014-01-31',0x6E6973692064696374756D206175677565206D616C657375616461206D616C6573756164612E20496E7465676572206964206D61676E6120657420697073756D,'a.sollicitudin@estMauris.com'),
 (77,'Hunter Bryan','759.602.691-93','2015-02-16',0x64696374756D206375727375732E204E756E63206D617572697320656C69742C2064696374756D2065752C20656C656966656E64206E65632C206D616C657375616461,'Suspendisse.tristique.neque@dui.edu'),
 (78,'Alexandra Wall','905.986.159-75','2015-08-10',0x646F6C6F72206461706962757320677261766964612E20416C697175616D2074696E636964756E742C206E756E63206163206D6174746973206F726E6172652C206C6563747573,'ligula.consectetuer@utodio.edu'),
 (79,'Hayden Walter','743.764.250-95','2014-07-04',0x756C6C616D636F727065722C206E69736C206172637520696163756C697320656E696D2C2073697420616D6574206F726E617265206C6563747573206A7573746F,'augue@etmagnis.ca'),
 (80,'Winter Fulton','246.464.714-95','2014-04-14',0x73697420616D65742C20636F6E7365637465747565722061646970697363696E6720656C69742E204375726162697475722073656420746F72746F722E20496E746567657220616C697175616D,'mus.Proin@miac.org'),
 (81,'Sylvia Porter','720.170.858-60','2013-11-19',0x6D61757269732E204D6F726269206E6F6E2073617069656E206D6F6C6573746965206F7263692074696E636964756E742061646970697363696E672E204D6175726973206D6F6C6573746965,'enim.Sed@nonleoVivamus.net'),
 (82,'Rudyard Giles','359.408.430-22','2013-12-01',0x76656C207175616D206469676E697373696D2070686172657472612E204E616D206163206E756C6C612E20496E2074696E636964756E7420636F6E677565,'consequat.enim@nislarcuiaculis.net'),
 (83,'Bell Miller','468.373.514-56','2014-11-05',0x617263752076656C207175616D206469676E697373696D2070686172657472612E204E616D206163206E756C6C612E20496E2074696E636964756E74,'velit@mattis.org'),
 (84,'George Lawrence','131.594.860-13','2015-05-23',0x496E2066617563696275732E204D6F726269207665686963756C612E2050656C6C656E7465737175652074696E636964756E742074656D7075732072697375732E20446F6E656320656765737461732E,'fermentum.vel.mauris@tellus.net'),
 (85,'Alfreda Cleveland','654.265.774-58','2014-09-05',0x617263752E204E756E63206D61757269732E204D6F726269206E6F6E2073617069656E206D6F6C6573746965206F7263692074696E636964756E742061646970697363696E672E,'vitae@nislsemconsequat.net'),
 (86,'Ima Pennington','230.802.894-45','2014-11-27',0x6D61676E612E204372617320636F6E76616C6C697320636F6E76616C6C697320646F6C6F722E20517569737175652074696E636964756E7420706564652061632075726E612E,'Cras@Integer.ca'),
 (87,'Mara Spence','166.510.527-47','2014-10-27',0x6574206D616C6573756164612066616D65732061632074757270697320656765737461732E20416C697175616D206672696E67696C6C61206375727375732070757275732E,'volutpat@ornare.ca'),
 (88,'Fatima Lowery','433.807.311-95','2015-03-02',0x696E74657264756D2E204E756E6320736F6C6C696369747564696E20636F6D6D6F646F20697073756D2E2053757370656E6469737365206E6F6E206C656F2E20566976616D7573206E696268,'Phasellus.dapibus@eratEtiamvestibulum.co.uk'),
 (89,'Cailin Odonnell','560.888.440-87','2015-02-19',0x6E69736C2E204E756C6C61206575206E657175652070656C6C656E746573717565206D61737361206C6F626F7274697320756C7472696365732E20566976616D75732072686F6E6375732E,'Quisque@Vivamus.ca'),
 (90,'Zahir Paul','518.390.665-53','2014-07-19',0x6E756C6C612E20496E74656765722075726E612E20566976616D7573206D6F6C65737469652064617069627573206C6967756C612E20416C697175616D206572617420766F6C75747061742E,'at.lacus.Quisque@risusQuisque.ca'),
 (91,'Kennan Petersen','724.286.291-68','2014-07-16',0x747572706973206E6F6E20656E696D2E204D617572697320717569732074757270697320766974616520707572757320677261766964612073616769747469732E,'felis.purus@tellus.ca'),
 (92,'Daria Forbes','262.215.845-74','2014-10-18',0x43757261626974757220636F6E7365717561742C206C65637475732073697420616D6574206C75637475732076756C7075746174652C206E6973692073656D2073656D706572,'enim.consequat.purus@cursusluctusipsum.ca'),
 (93,'Kasimir Soto','438.260.745-57','2015-08-08',0x636F6D6D6F646F20697073756D2E2053757370656E6469737365206E6F6E206C656F2E20566976616D7573206E69626820646F6C6F722C206E6F6E756D6D792061632C,'Morbi@sagittis.org'),
 (94,'Barclay Shepherd','333.950.630-48','2014-08-01',0x7361676974746973206C6F626F72746973206D61757269732E2053757370656E646973736520616C6971756574206D6F6C65737469652074656C6C75732E2041656E65616E20656765737461732068656E647265726974,'eget@hendreritDonec.co.uk'),
 (95,'Dante Golden','366.589.693-32','2014-06-23',0x5365642065752065726F732E204E616D20636F6E73657175617420646F6C6F7220766974616520646F6C6F722E20446F6E6563206672696E67696C6C612E,'Proin.vel.nisl@malesuada.com'),
 (96,'Macon Duffy','509.595.685-40','2015-01-21',0x4675736365206665726D656E74756D206665726D656E74756D20617263752E20566573746962756C756D20616E746520697073756D207072696D697320696E206661756369627573,'dolor.tempus@Sed.com'),
 (97,'Acton Franco','288.161.800-58','2015-04-28',0x446F6E6563206E6F6E206A7573746F2E2050726F696E206E6F6E206D61737361206E6F6E20616E746520626962656E64756D20756C6C616D636F727065722E,'dolor@natoquepenatibuset.net'),
 (98,'Christopher Giles','566.705.789-28','2015-06-12',0x74656D7075732072697375732E20446F6E656320656765737461732E204475697320616320617263752E204E756E63206D61757269732E204D6F726269,'felis.adipiscing@nec.net'),
 (99,'Liberty Turner','869.531.845-26','2015-03-11',0x6E69626820656E696D2C20677261766964612073697420616D65742C20646170696275732069642C20626C616E6469742061742C206E6973692E,'tincidunt@magna.com'),
 (100,'Joshua Weber','282.169.719-80','2015-02-14',0x75726E6120636F6E76616C6C697320657261742C20656765742074696E636964756E74206475692061756775652065752074656C6C75732E2050686173656C6C7573,'dolor.egestas.rhoncus@nonduinec.edu');
/*!40000 ALTER TABLE `pessoa` ENABLE KEYS */;


--
-- Definition of table `setor`
--

DROP TABLE IF EXISTS `setor`;
CREATE TABLE `setor` (
  `idsetor` int(11) NOT NULL,
  `sigla` varchar(255) DEFAULT NULL,
  `nome` varchar(255) DEFAULT NULL,
  `idsetorpai` int(11) DEFAULT NULL,
  PRIMARY KEY (`idsetor`),
  KEY `fk_setor_setor` (`idsetorpai`)
) ENGINE=MyISAM DEFAULT CHARSET=latin1;

--
-- Dumping data for table `setor`
--

/*!40000 ALTER TABLE `setor` DISABLE KEYS */;
INSERT INTO `setor` (`idsetor`,`sigla`,`nome`,`idsetorpai`) VALUES 
 (1,NULL,NULL,NULL),
 (2,'ABC','AaBbCc',NULL),
 (3,'SP','Setor Pequeno',2),
 (4,'OS','Outro Setor',2);
/*!40000 ALTER TABLE `setor` ENABLE KEYS */;


--
-- Definition of table `transacao`
--

DROP TABLE IF EXISTS `transacao`;
CREATE TABLE `transacao` (
  `idtransacao` int(11) NOT NULL,
  `transacao` varchar(255) DEFAULT NULL,
  `descricao` varchar(255) DEFAULT NULL,
  PRIMARY KEY (`idtransacao`)
) ENGINE=MyISAM DEFAULT CHARSET=latin1;

--
-- Dumping data for table `transacao`
--

/*!40000 ALTER TABLE `transacao` DISABLE KEYS */;
/*!40000 ALTER TABLE `transacao` ENABLE KEYS */;


--
-- Definition of table `usuario`
--

DROP TABLE IF EXISTS `usuario`;
CREATE TABLE `usuario` (
  `idusuario` int(11) NOT NULL,
  `idpessoa` int(11) NOT NULL,
  `idsetor` int(11) DEFAULT NULL,
  `login` varchar(255) DEFAULT NULL,
  `password` varchar(255) DEFAULT NULL,
  `passmd5` varchar(255) DEFAULT NULL,
  PRIMARY KEY (`idusuario`),
  KEY `fk_usuario_pessoa` (`idpessoa`),
  KEY `fk_usuario_setor` (`idsetor`)
) ENGINE=MyISAM DEFAULT CHARSET=latin1;

--
-- Dumping data for table `usuario`
--

/*!40000 ALTER TABLE `usuario` DISABLE KEYS */;
INSERT INTO `usuario` (`idusuario`,`idpessoa`,`idsetor`,`login`,`password`,`passmd5`) VALUES 
 (1,4,2,'admin','admin',NULL),
 (2,1,2,'est','est12',NULL),
 (3,2,2,'bob','bob34',NULL);
/*!40000 ALTER TABLE `usuario` ENABLE KEYS */;


--
-- Definition of table `usuario_grupo`
--

DROP TABLE IF EXISTS `usuario_grupo`;
CREATE TABLE `usuario_grupo` (
  `idusuario` int(11) NOT NULL,
  `idgrupo` int(11) NOT NULL,
  PRIMARY KEY (`idusuario`,`idgrupo`),
  KEY `fk_usuario_grupo_grupo` (`idgrupo`)
) ENGINE=MyISAM DEFAULT CHARSET=latin1;

--
-- Dumping data for table `usuario_grupo`
--

/*!40000 ALTER TABLE `usuario_grupo` DISABLE KEYS */;
INSERT INTO `usuario_grupo` (`idusuario`,`idgrupo`) VALUES 
 (1,2),
 (2,1),
 (3,1);
/*!40000 ALTER TABLE `usuario_grupo` ENABLE KEYS */;




/*!40101 SET SQL_MODE=@OLD_SQL_MODE */;
/*!40014 SET FOREIGN_KEY_CHECKS=@OLD_FOREIGN_KEY_CHECKS */;
/*!40014 SET UNIQUE_CHECKS=@OLD_UNIQUE_CHECKS */;
/*!40101 SET CHARACTER_SET_CLIENT=@OLD_CHARACTER_SET_CLIENT */;
/*!40101 SET CHARACTER_SET_RESULTS=@OLD_CHARACTER_SET_RESULTS */;
/*!40101 SET COLLATION_CONNECTION=@OLD_COLLATION_CONNECTION */;
/*!40101 SET CHARACTER_SET_CLIENT=@OLD_CHARACTER_SET_CLIENT */;
